{"n_evals": [200, 381, 545, 694, 829, 951, 1061, 1161, 1261, 1361, 1461, 1561, 1661, 1761, 1861, 1961, 2061, 2161, 2261, 2361, 2461, 2561, 2661, 2761, 2861, 2961, 3061, 3161, 3261, 3361, 3461, 3561, 3661, 3761, 3861, 3961, 4061, 4161, 4261, 4361, 4461, 4561, 4661, 4761, 4861, 4961, 5061, 5161, 5261, 5361, 5461, 5561, 5661, 5761, 5861, 5961, 6061, 6161, 6261, 6361, 6461, 6561, 6661, 6761, 6861], "hypervolume": [3.2360917990845026e+19, 3.104666067819446e+19, 3.104666067819446e+19, 5.478150186020276e+19, 4.925672044536772e+19, 4.925672044536772e+19, 5.623147231806226e+19, 4.277763121517369e+19, 2.9911930684837294e+19, 2.9911930684837294e+19, 2.5721540714741055e+19, 3.0202490370924347e+19, 3.3090046883563946e+19, 3.250626344326561e+19, 3.250626344326561e+19, 3.250626344326561e+19, 3.250626344326561e+19, 2.8941164209211007e+19, 3.3170597066944946e+19, 3.3170597066944946e+19, 3.211242544463666e+19, 3.4659067153850823e+19, 3.4659067153850823e+19, 3.4659067153850823e+19, 3.4659067153850823e+19, 2.3035477572568658e+19, 3.183203450708311e+19, 3.183203450708311e+19, 3.183203450708311e+19, 3.183203450708311e+19, 4.499703076716307e+19, 4.499703076716307e+19, 4.499703076716307e+19, 4.499703076716307e+19, 4.499703076716307e+19, 4.499703076716307e+19, 4.499703076716307e+19, 4.499703076716307e+19, 4.499703076716307e+19, 4.499703076716307e+19, 4.499703076716307e+19, 4.499703076716307e+19, 4.499703076716307e+19, 4.499703076716307e+19, 4.499703076716307e+19, 4.499703076716307e+19, 4.499703076716307e+19, 4.499703076716307e+19, 4.499703076716307e+19, 4.499703076716307e+19, 4.499703076716307e+19, 4.499703076716307e+19, 4.499703076716307e+19, 4.499703076716307e+19, 4.499703076716307e+19, 4.499703076716307e+19, 4.499703076716307e+19, 4.499703076716307e+19, 4.499703076716307e+19, 4.499703076716307e+19, 4.499703076716307e+19, 4.499703076716307e+19, 4.499703076716307e+19, 4.499703076716307e+19, 4.499703076716307e+19], "satisfies_all": false, "num_gen_to_feasible": 64, "n_evals_to_feasible": 6861, "num_gens": 65}