{"n_evals": [800, 1527, 2187, 2787, 3332, 3827, 4276, 4684, 5054, 5390, 5695, 5972, 6238, 6504, 6770, 7036, 7302, 7568, 7834, 8100, 8366, 8632, 8898, 9164, 9430, 9696, 9962, 10228, 10494, 10760, 11026, 11292, 11558, 11824, 12090, 12356, 12622, 12888, 13154, 13420, 13686, 13952, 14218, 14484, 14750, 15016, 15282, 15548, 15814, 16080, 16346, 16612, 16878, 17144, 17410, 17676, 17942, 18208, 18474, 18740, 19006, 19272, 19538, 19804, 20070, 20336, 20602, 20868, 21134, 21400, 21666, 21932, 22198, 22464, 22730, 22996, 23262, 23528, 23794, 24060, 24326, 24592, 24858, 25124, 25390, 25656, 25922, 26188, 26454, 26720, 26986, 27252, 27518, 27784, 28050, 28316, 28582, 28848, 29114, 29380, 29646, 29912, 30178, 30444, 30710, 30976, 31242, 31508, 31774, 32040, 32306, 32572, 32838, 33104, 33370, 33636, 33902, 34168, 34434, 34700, 34966, 35232, 35498, 35764, 36030, 36296, 36562, 36828, 37094, 37360, 37626, 37892, 38158, 38424, 38690, 38956, 39222, 39488, 39754, 40020, 40286, 40552, 40818, 41084, 41350, 41616, 41882, 42148, 42414, 42680, 42946, 43212, 43478, 43744, 44010, 44276, 44542, 44808, 45074, 45340, 45606, 45872, 46138, 46404, 46670, 46936, 47202, 47468, 47734, 48000, 48266, 48532, 48798, 49064, 49330, 49596, 49862, 50128], "hypervolume": [3.2360917990845026e+19, 3.2360917990845026e+19, 4.396334863398024e+19, 4.385949861365593e+19, 4.2048755298363e+19, 4.449696494542144e+19, 2.041815919903563e+19, 1.7196374255582775e+19, 1.7196374255582775e+19, 1.7196374255582775e+19, 1.7196374255582775e+19, 3.1576707945312272e+19, 4.05149390516211e+19, 1.7055825165115314e+19, 1.3171317486609136e+19, 4.123138256580692e+19, 1.801802210185527e+19, 1.801802210185527e+19, 1.801802210185527e+19, 1.9226134948222984e+19, 1.9226134948222984e+19, 1.9226134948222984e+19, 1.9226134948222984e+19, 1.9226134948222984e+19, 1.9226134948222984e+19, 1.7816598216043635e+19, 1.7816598216043635e+19, 2.2378201636099015e+19, 2.2378201636099015e+19, 2.2378201636099015e+19, 2.2378201636099015e+19, 2.2378201636099015e+19, 2.2378201636099015e+19, 2.2378201636099015e+19, 2.2378201636099015e+19, 2.286669922870686e+19, 2.286669922870686e+19, 2.339362417073914e+19, 2.339362417073914e+19, 2.339362417073914e+19, 2.339362417073914e+19, 2.339362417073914e+19, 2.397199301106806e+19, 2.397199301106806e+19, 2.397199301106806e+19, 2.397199301106806e+19, 2.397199301106806e+19, 2.397199301106806e+19, 2.397199301106806e+19, 2.397199301106806e+19, 2.397199301106806e+19, 2.397199301106806e+19, 2.397199301106806e+19, 2.2675073248613315e+19, 2.2675073248613315e+19, 1.9624429660925575e+19, 1.9624429660925575e+19, 1.9624429660925575e+19, 1.9624429660925575e+19, 1.9624429660925575e+19, 1.5782129800129128e+19, 1.5782129800129128e+19, 1.8536394394928054e+19, 1.8536394394928054e+19, 1.8536394394928054e+19, 1.8536394394928054e+19, 1.8536394394928054e+19, 1.8536394394928054e+19, 1.8536394394928054e+19, 1.8536394394928054e+19, 1.8536394394928054e+19, 1.8536394394928054e+19, 1.8536394394928054e+19, 1.8536394394928054e+19, 1.8536394394928054e+19, 1.8536394394928054e+19, 1.8536394394928054e+19, 1.8536394394928054e+19, 4.167998600244901e+19, 4.524975882297436e+19, 4.53256242463602e+19, 4.53256242463602e+19, 4.532902328026061e+19, 4.552255296260818e+19, 4.938824128065466e+19, 4.9829730139603616e+19, 4.983400647899497e+19, 4.995770325222799e+19, 5.662637433738873e+19, 5.914592645920428e+19, 5.9297674050425954e+19, 5.9326537474985935e+19, 5.9443342256618095e+19, 6.802495327086493e+19, 6.904804579633398e+19, 6.904804579633398e+19, 6.927804100799817e+19, 6.939942537217504e+19, 6.946683369857278e+19, 7.0291394135619944e+19, 7.051864190264264e+19, 7.108701665476908e+19, 7.254776526940733e+19, 7.623093931803684e+19, 7.845292991709228e+19, 7.846775727159319e+19, 8.065096019731949e+19, 8.065096019731949e+19, 8.065096019731949e+19, 8.321908399382517e+19, 8.768716886180656e+19, 8.986356057973311e+19, 8.986356057973311e+19, 8.986356057973311e+19, 9.015148892331814e+19, 9.432211017671777e+19, 9.550344739544189e+19, 9.550344739544189e+19, 9.72619120341428e+19, 1.1376108093889844e+20, 1.1653908702249137e+20, 1.1877196916819614e+20, 1.20093794766079e+20, 1.2612607097750856e+20, 1.2619200328985693e+20, 1.2636689437210357e+20, 1.2636689437210357e+20, 1.2641911930511966e+20, 1.2669129300283495e+20, 1.2669129300283495e+20, 1.2669129300283495e+20, 1.3268872886503678e+20, 1.3268872886503678e+20, 1.3268872886503678e+20, 1.3268872886503678e+20, 1.3307138154702976e+20, 1.3383067458393211e+20, 1.3388694652383304e+20, 1.344272266813566e+20, 1.3490206628899955e+20, 1.3527765773076333e+20, 1.3527765773076333e+20, 1.3527765773076333e+20, 1.3530684245613145e+20, 1.3530684245613145e+20, 1.3534644325798624e+20, 1.3534644325798624e+20, 1.3534644325798624e+20, 1.3596721258435774e+20, 1.3596721258435774e+20, 1.3596721258435774e+20, 1.361986632168196e+20, 1.3724086610109907e+20, 1.403523730938998e+20, 1.4142470486881467e+20, 1.4151823311862979e+20, 1.422546620738799e+20, 1.4233226060808394e+20, 1.4233226060808394e+20, 1.4245507705599128e+20, 1.4504008415614965e+20, 1.4504008415614965e+20, 1.4504008415614965e+20, 1.4505087021134083e+20, 1.4519463197124683e+20, 1.4519463197124683e+20, 1.4548159719296213e+20, 1.4548159719296213e+20, 1.4548159719296213e+20, 1.4548159719296213e+20, 1.4553407721405406e+20, 1.4553407721405406e+20, 1.4974755295001772e+20, 1.4974755295001772e+20, 1.4974755295001772e+20, 1.4995468154390174e+20, 1.4995468154390174e+20, 1.4995468154390174e+20], "satisfies_all": false, "num_gen_to_feasible": 80, "n_evals_to_feasible": 24326, "num_gens": 178}